name,filepath
12-angry-men,0.jpg
2001-a-space-odyssey,1.jpg
28-days-later,2.jpg
a-beautiful-mind,3.jpg
ace-ventura,4.jpg
airplane,5.jpg
akira,6.jpg
a-knights-tale,7.jpg
alice-in-wonderland,8.jpg
alien,9.jpg
all-about-eve,10.jpg
amadeus,11.jpg
amelie,12.jpg
american-beauty,13.jpg
american-psycho,14.jpg
american-splendor,15.jpg
anaconda,16.jpg
anger-management,17.jpg
a-nightmare-on-elm-street,18.jpg
annie-hall,19.jpg
apocalypse-now,20.jpg
army-of-darkness,21.jpg
a-serbian-film,22.jpg
atonement,23.jpg
avatar,24.jpg
back-to-the-future,25.jpg
barfly,26.jpg
barry-lyndon,27.jpg
battle-royale,28.jpg
battleship-potemkin,29.jpg
before-sunrise,30.jpg
bicycle-thieves,31.jpg
big-fish,32.jpg
big-lebowski,33.jpg
black-dahlia,34.jpg
black-swan,35.jpg
blade-runner,36.jpg
blue-is-the-warmest-colour,37.jpg
blue-valentine,38.jpg
blue-velvet,39.jpg
borat,40.jpg
boyhood,41.jpg
braveheart,42.jpg
cannibal-holocaust,43.jpg
carrie,44.jpg
casablanca,45.jpg
charlies-angels,46.jpg
children-of-men,47.jpg
chinatown,48.jpg
cinema-paradiso,49.jpg
citizen-kane,50.jpg
city-lights,51.jpg
city-of-god,52.jpg
click,53.jpg
clockwork-orange,54.jpg
dawn-of-the-dead,55.jpg
days-of-heaven,56.jpg
detachment,57.jpg
die-hard,58.jpg
Django-Unchained,59.jpg
donnie-darko,60.jpg
double-indemnity,61.jpg
drive,62.jpg
duel,63.jpg
dumb-and-dumber,64.jpg
eraserhead,65.jpg
eternal-sunshine-of-the-spotless-mind,66.jpg
Eyes-Wide-Shut,67.jpg
fargo,68.jpg
fear-and,loathing-in-las-vegas,69.jpg
fifty-Shades-of-Grey,70.jpg
fight-club,71.jpg
finding-nemo,72.jpg
forrest-gump,73.jpg
frances-ha,74.jpg
freaks,75.jpg
free-willy,76.jpg
frozen,77.jpg
full-metal-jacket,78.jpg
funny-games,79.jpg
ghost-world,80.jpg
gladiator,81.jpg
godfather,82.jpg
gone-girl,83.jpg
Goodfellas,84.jpg
good-will-hunting,85.jpg
grave-of-fireflies,86.jpg
gremlins,87.jpg
groundhog-day,88.jpg
hellraiser,89.jpg
her,90.jpg
high-noon,91.jpg
ice-age,92.jpg
inception,93.jpg
inglorious-basterds,94.jpg
into-the-wild,95.jpg
jaws,96.jpg
jurassic-park,97.jpg
just-like-heaven,98.jpg
kalifornia,99.jpg
kill-bill,100.jpg
king-kong,101.jpg
la-confidential,102.jpg
lara-croft-tomb-raider,103.jpg
Lawrence-of-Arabia,104.jpg
leon-the-professional,105.jpg
life-is-beautiful,106.jpg
life-of-pi,107.jpg
little-shop-of-horrors,108.jpg
lost-in-translation,109.jpg
mad-max,110.jpg
Melancholia,111.jpg
memento,112.jpg
memories-of-murder,113.jpg
metropolis,114.jpg
minority-report,115.jpg
modern-times,116.jpg
moulin-rouge,117.jpg
mulan,118.jpg
my-girl,119.jpg
My-Neighbour-Totoro,120.jpg
natural-born-killers,121.jpg
no-country-for-old-men,122.jpg
north-by-northwest,123.jpg
nosferatu,124.jpg
oldboy,125.jpg
once-upon-a-time-in-mexico,126.jpg
party-monster,127.jpg
planet-of-the-apes,128.jpg
Pleasantville,129.jpg
pocahontas,130.jpg
princess-mononoke,131.jpg
psycho,132.jpg
pulp-fiction,133.jpg
raiders-of-the-lost-ark,134.jpg
rashomon,135.jpg
rear-window,136.jpg
rebel-without-a-cause,137.jpg
repulsion,138.jpg
requiem-for-a-dream,139.jpg
reservoir-dogs,140.jpg
road-to-perdition,141.jpg
rocky,143.jpg
rocky-horror-picture-show,142.jpg
rosemarys-baby,144.jpg
Ruby-Sparks,145.jpg
saving-private-ryan,146.jpg
saw,147.jpg
scanners,148.jpg
scarface,149.jpg
schindlers-list,150.jpg
scream,151.jpg
se7en,152.jpg
shaun-of-the-dead,153.jpg
shutter-island,154.jpg
signs,155.jpg
sin-city,156.jpg
skyfall,157.jpg
slumdog-millionaire,158.jpg
snatch,159.jpg
some-like-it-hot,160.jpg
spartacus,161.jpg
spirited-away,162.jpg
star-trek,163.jpg
star-wars,164.jpg
stoker,165.jpg
sunset-boulevard,166.jpg
suspiria,167.jpg
taxi-driver,168.jpg
the-basketball-diaries,169.jpg
the-beach,170.jpg
the-boy-in-the-striped-pyjamas,171.jpg
The-Bridge-on-the-River-Kwai,172.jpg
The-Darjeeling-Limited,173.jpg
the-dark-knight,174.jpg
the-departed,175.jpg
the-elephant-man,176.jpg
the-exorcist,177.jpg
the-fifth-element,178.jpg
the-graduate,179.jpg
the-great-dictator,180.jpg
the-green-mile,181.jpg
the-hangover,182.jpg
the-hidden-fortress,183.jpg
the-hunt,184.jpg
the-imitation-game,185.jpg
the-killers,186.jpg
the-kite-runner,187.jpg
the-life-of-brian,188.jpg
the-lion-king,189.jpg
the-lord-of-the-rings,190.jpg
the-machinist,191.jpg
the-matrix,192.jpg
the-mummy,193.jpg
the-nightmare-before-christmas,194.jpg
the-perks-of-being-a-wallflower,195.jpg
the-pianist,196.jpg
the-postman,197.jpg
the-prestige,198.jpg
The-Raid-Redemption,199.jpg
there-will-be-blood,200.jpg
the-searchers,201.jpg
the-secretary,202.jpg
the-shawshank-redemption,203.jpg
the-shining,204.jpg
the-silence-of-the-lambs,205.jpg
the-sixth-sense,206.jpg
the-station-agent,207.jpg
the-terminal,208.jpg
the-third-man,209.jpg
the-triplets-of-belleville,210.jpg
the-truman-show,211.jpg
titanic,212.jpg
to-kill-a-mockingbird,213.jpg
tokyo-story,214.jpg
trainspotting,215.jpg
tron,216.jpg
true-grit,217.jpg
underground,218.jpg
vertigo,219.jpg
v-for-vendetta,220.jpg
virgin-suicides,221.jpg
wall-e,222.jpg
wanted,223.jpg
waterworld,224.jpg
we-need-to-talk-about-kevin,225.jpg
whiplash,226.jpg
white-chicks,227.jpg
wild-strawberries,228.jpg
wings-of-desire,229.jpg
wizard-of-oz,230.jpg
wristcutters,231.jpg
ying-xiong,232.jpg
zombieland,233.jpg
zoolander,234.jpg